parameter,category,strategy,description,base_value,unit,low_value,high_value,distribution,dollar_year,source,provisional,notes,gamma_alpha,gamma_rate,evidence_tier
emb_office_professional_cost,professional_fee,office_emb,"Physician professional fee for endometrial biopsy procedure (CPT 58100), nonfacility/office setting",97.03,USD_per_procedure,82.48,111.58,gamma,2024,"CMS Physician & Other Practitioners by Provider and Service PUF, 2024, CPT 58100, Place_Of_Srvc=O (nonfacility/office), service-volume-weighted mean Avg_Mdcr_Alowd_Amt across 299 provider rows / 4,431 total services (live CMS Data API query)",FALSE,"Applies exclusively to the office_emb arm. Previously shared with combined_emb at a single 2026-fee-schedule-aggregator rate; split into two setting-specific parameters (see emb_office_professional_cost_facility) after confirming via a live CMS PUF Place_Of_Srvc breakdown, and via CMS's CY2026 Direct PE Inputs file (CMS-1832-F), that facility ($60.05) and nonfacility allowed amounts for CPT 58100 differ by ~38%, and that office-only disposable supplies (Pipelle curette, pelvic exam pack, tenaculum, etc.) are priced into this nonfacility rate but explicitly excluded (f_quantity=0) from the facility-setting rate. Both setting-specific parameters now share the same data source/methodology for an apples-to-apples comparison. Low/high = base +/-15%, no published range.",NA,NA,B
emb_office_professional_cost_facility,professional_fee,combined_emb,"Physician professional fee for endometrial biopsy procedure (CPT 58100), facility/endoscopy-suite setting",60.05,USD_per_procedure,51.04,69.06,gamma,2024,"CMS Physician & Other Practitioners by Provider and Service PUF, 2024, CPT 58100, Place_Of_Srvc=F (facility), service-volume-weighted mean Avg_Mdcr_Alowd_Amt across 20 provider rows / 283 total services (live CMS Data API query)",FALSE,"Used by the combined_emb arm's incremental_professional_fee component, since the EMB portion of the combined procedure is performed in the facility/endoscopy-suite setting where the surveillance colonoscopy itself takes place, not the physician's own office. Confirmed via CMS's CY2026 Direct PE Inputs file (CMS-1832-F) that CPT 58100's disposable-supply line items (Pipelle curette, pelvic exam pack, uterine sound, tenaculum, lidocaine, povidone swabs) carry nf_quantity=1 but f_quantity=0 for every item -- i.e. CMS explicitly excludes these supplies from the facility-setting PE calculation -- so emb_disposable_supply_cost remains a genuine incremental line item alongside this facility professional fee. See docs/data_sources.md for the full verification chain.",NA,NA,B
emb_pathology_cost,pathology,shared,Pathology professional plus technical cost per specimen (CPT 88305),70.14,USD_per_specimen,59.62,80.66,gamma,2026,"CMS Physician Fee Schedule 2026, CPT 88305 (via CareRoute fee-schedule aggregator)",FALSE,Applies identically to all three strategies since every strategy generates one pathology specimen. Low/high = base +/-15% sensitivity bounds; verify against CMS PFS.,NA,NA,B
dc_professional_cost,professional_fee,dnc,"Physician professional fee for D&C (CPT 58120), facility setting",209.76,USD_per_procedure,178.30,241.22,gamma,2026,"CMS Physician Fee Schedule 2026, CPT 58120 facility professional payment (via MedReveal fee-schedule aggregator)",FALSE,"Physician component only; facility/ASC fee is separate (see dnc_facility_or_asc_fee, provisional). Base +/-15% sensitivity bounds.",NA,NA,B
hysteroscopy_dc_professional_cost,professional_fee,dnc_alt_scenario,"Physician professional fee for hysteroscopy plus D&C (CPT 58558), facility setting",796.75,USD_per_procedure,221.61,1460.92,gamma,2024,"CMS Physician & Other Practitioners by Provider and Service PUF, 2024, CPT 58558, Place_Of_Srvc=F (facility), service-volume-weighted mean Avg_Mdcr_Alowd_Amt across 383 provider rows / 6,393 total services (live CMS Data API query); low/high are the real p25/p75",FALSE,"RESOLVED data-quality flag: the earlier $204.41 figure and the conflicting $1,269.90 citation are both superseded by this live CMS PUF query. The $1,269.90 citation turns out to be close to the real NONFACILITY weighted mean ($1,310.79, 89 rows / 1,752 services) -- i.e. it was very likely reporting the nonfacility (physician-office, all-inclusive) allowed amount, not a professional-plus-facility bundle as originally guessed. This parameter specifically represents the FACILITY-setting professional fee (paired with a separate facility payment, e.g. cost_hysteroscopy_or_opps_2026), matching the same facility/nonfacility split methodology used for dc_professional_cost and emb_office_professional_cost/emb_office_professional_cost_facility. Not yet wired into any strategy cost function -- reference/scenario parameter only, for a future hysteroscopy-guided D&C comparator (see hysteroscopy_failure_rate_lynch_range).",NA,NA,B
combined_emb_added_minutes,time,combined_emb,Incremental procedure time to add EMB during an already-scheduled colonoscopy,5,minutes,1,12,triangular,NA,"Huang et al. 2011, Prospective Study of Combined Colon and Endometrial Cancer Screening in Women With Lynch Syndrome (PMC3014510)",FALSE,"Reported as median 5 min, range 1-12 min in n=42 MD Anderson combined-screening cohort. Treated as triangular(min=1, mode=5, max=12) for PSA; range is the observed clinical range, not a formal 95% CI.",NA,NA,A
combined_emb_anesthesia_drug_increment_cost,anesthesia_sedation,combined_emb,Incremental anesthetic medication cost from adding EMB to an already-sedated colonoscopy,0,USD_per_procedure,0,25,fixed,NA,Huang et al. 2011 (PMC3014510) reported no increase in anesthetic medication dose when EMB was added,FALSE,"Base case $0 reflects the empirical report of no dose increase. Upper sensitivity bound ($25) is an untested provisional ceiling, not a measured value.",NA,NA,A
procedure_room_cost_per_minute,scenario_only,combined_emb,Ambulatory procedure/OR fully-loaded (direct+indirect) cost per minute; alternative to the marginal/direct rate used in the base case,36.14,USD_per_minute,16.61,55.67,gamma,2014,"Childers CP, Maggard-Gibbons M. Understanding Costs of Care in the Operating Room. JAMA Surg.",FALSE,"Mean (SD 19.53) from a U.S. ambulatory-OR cost-accounting study, FY2014. Requires inflation adjustment to reference_dollar_year via adjust_for_inflation(). Used only in the fully-loaded-cost scenario, not the base case (base case uses direct_room_cost_per_minute). Low/high = mean +/-1 SD.",NA,NA,C
direct_room_cost_per_minute,or_facility,combined_emb,Ambulatory procedure/endoscopy-suite direct (marginal) cost per minute,20.90,USD_per_minute,8.36,33.44,gamma,2014,"Childers CP, Maggard-Gibbons M. Understanding Costs of Care in the Operating Room. JAMA Surg.",FALSE,"Used as the marginal/incremental room-cost proxy for the combined-EMB arm, consistent with the incremental-cost principle (only marginal minutes are added to an already-scheduled procedure). Requires inflation adjustment. Low/high = mean +/-1 SD. Source is OR-based, not colonoscopy-suite-specific -- flagged as a provisional proxy pending a colonoscopy-suite-specific estimate.",NA,NA,C
anesthesia_cost_per_minute,anesthesia_sedation,combined_emb,Anesthesia cost per minute in an ambulatory procedure setting,3.42,USD_per_minute,0.48,6.36,gamma,2014,"Childers CP, Maggard-Gibbons M. Understanding Costs of Care in the Operating Room. JAMA Surg.",FALSE,Used to cost the incremental sedation minutes attributable to adding EMB to colonoscopy. Requires inflation adjustment. Low/high = mean +/-1 SD.,NA,NA,C
colonoscopy_anesthesia_episode_cost,reference_only,reference_only,Full anesthesia cost for a screening-colonoscopy episode; reference/validation value only,150,USD_per_episode,NA,NA,fixed,NA,JAMA Internal Medicine analysis of Medicare anesthesia coverage for screening colonoscopy,TRUE,PROVISIONAL / reference only. NOT included in combined_emb strategy cost by design (incremental-cost principle): the colonoscopy and its baseline sedation occur regardless of EMB. Retained only so a unit test can confirm this value is never summed into the combined-arm cost. Source year not specified in the sourcing conversation; needs confirmation.,NA,NA,D
emb_failure_lynch,probability,office_emb,Probability of a failed or inadequate office endometrial biopsy in Lynch syndrome surveillance populations,0.133,probability,0.103,0.20,beta,NA,"Simple pooled proportion across three Lynch-specific surveillance studies confirmed genuinely Pipelle-specific via direct primary-source full-text verification (2026-08-31, institutional access): Elmasry et al. 2009 (Fam Cancer 8:431-439, PMID 19526324) 5/25 -- Table 3's 'Pipelle done' column: 20 successful (all 'Normal' histology), 5 failures (3 atrophic endometrium, 1 cannulation failure from pain, 1 no-access from prior endometrial resection); Lecuru et al. 2008 (Int J Gynecol Cancer 18:1326-1331, PMID 18217965) 12/116 -- Methods state biopsy was performed with a 'Pipelle de Cornier device' for all attempts, Results report 12 (10%) failures; Woolderink et al. 2020 (BMC Womens Health 20:54, PMID 32183830, open access) 5/25 -- Table 2: 18 sufficient + 5 insufficient of 23 attempted, denominator 25 includes 2 women who never underwent sampling (cervical stenosis, fear of pain).",FALSE,"Base value = pooled proportion (5+12+5)/(25+116+25) = 22/166 = 0.133 (was 0.137). CORRECTED 2026-08-31 after direct primary-source verification found two errors in the NIHR systematic review's Table 11 (NBK606812/table/table11), which this parameter previously relied on without independently reading the primary papers: (1) Elmasry's true Pipelle failure count is 5/25 (20.0%), not 6/25 (24.0%) as the review's table stated -- recounted twice from Table 3 to confirm; (2) Rijcken et al. 2003 (PMID 14529665) is NOT a Pipelle-specific study -- full-text Table 2 shows it used a mix of five sampling methods (Pipelle, VABRA, hysteroscopy, curettage, hysteroscopy+curettage), and the '2/17' failures the NIHR review attributed to 'Pipelle' were actually from hysteroscopy and hysteroscopy+curettage attempts; all 4 of this study's genuinely Pipelle-specific samples succeeded (0/4). Rijcken was dropped from the pool entirely rather than corrected to 0/4, since a 4-patient Pipelle-only subset within an unrelated mixed-method study is not a meaningful independent replicate. Low/high (0.103-0.20) span the three individual study rates (Lecuru lowest, Elmasry and Woolderink tied highest). Simple unweighted pooled estimate, not a formal random-effects meta-analysis. Per this project's meta-rule that a study-frame-changing audit finding requires independent confirmation: this correction was verified against the primary full text of all three retained studies (not merely re-derived from the same secondary review that produced the original error), and Rijcken's exclusion was independently confirmed via its own full text. See docs/data_sources.md for the complete verification chain. CHECKED 2026-09-01 for relevance: Adambekov et al. 2017 (Gynecol Oncol 144:324-328, PMID 27913154), a general (non-Lynch) retrospective cohort of 201 women undergoing Pipelle biopsy at a single U.S. health system (UPMC, 2013), reports an overall Pipelle failure rate of 46/201 = 22.89% and identifies risk factors for failure (postmenopausal bleeding as indication, OR 7.41; history of prior biopsy failure, OR 23.87; non-physician provider, OR 9.15) but reports nothing about what happens after a failed attempt (no repeat-attempt-vs-D&C escalation data), so it has no bearing on office_to_dnc_escalation_fraction. Not used to change this parameter's base value -- general (non-Lynch) population, tier C relative to the tier-A Lynch-specific pool above -- but cited here as corroborating context: Adambekov's own introduction cites a 10.4% pooled meta-analytic estimate (Dijkhuizen et al. 2000) and an 8% pooled estimate (Clark et al. 2002) for general Pipelle failure, with individual studies up to 33%; this model's 13.3% Lynch-specific pooled rate sits within that broader range, closer to the meta-analytic estimates than to the higher single-study outliers. See docs/data_sources.md's 'Corroborating (non-Lynch) context for emb_failure_lynch' section for the full assessment.",NA,NA,A
office_to_dnc_escalation_fraction,reference_only,reference_only,"SUPERSEDED 2026-09-02 (see notes) -- fraction of failed/inadequate office EMB attempts that proceed to operative D&C, versus e.g. a repeat office attempt",1.0,probability,0.5,1.0,triangular,NA,"No study of standalone office EMB in Lynch syndrome reports a repeat-office-attempt-vs-D&C-escalation fraction directly; the four Lynch EMB-failure studies underlying emb_failure_lynch (Elmasry 2009, Lecuru 2008, Rijcken 2003, Woolderink 2020) are all confirmed hard-paywalled with no free full text found (checked 2026-08-30). Two real, converging (non-Lynch) supporting citations: (1) Nebgen DE et al. 2014 (PMC4389779), MD Anderson's combined colonoscopy+EMB Lynch surveillance protocol, states explicitly: 'If cervical stenosis or insufficient endometrial tissue was encountered, hysteroscopy and dilation and curettage were scheduled' -- every EMB failure automatically escalates to D&C, no repeat-office-attempt step. (2) Yi Y et al. 2018 (Gynecol Oncol 150:112-118, PubMed 29747864), a general (non-Lynch) postmenopausal-bleeding Medicare decision-tree model, Table 1: 'P (moving to D&C if 1st attempted Pipelle failed) = 0.95 (range 0.94-1)' -- i.e. only 5% (range 0-6%) of patients get a repeat Pipelle attempt, based on the study authors' own expert clinical estimation.",TRUE,"PROVISIONAL. Base case conservatively assumes 100% of office EMB failures escalate to D&C. This remains a placeholder for the STANDALONE office-EMB population specifically: no accessible study reports a repeat-office-attempt-vs-D&C-escalation split for that population, and the four candidate Lynch EMB-failure studies are all paywalled (see source). Tiered C (general/adjacent evidence, not direct-population evidence): two independent, real, non-Lynch citations (Nebgen et al. 2014's protocol language; Yi et al. 2018's published 95% estimate) now converge closely around the 100% base-case assumption, meaningfully strengthening it beyond an unfounded default -- but neither is a direct measurement of standalone office EMB in a Lynch surveillance population, so the value is deliberately left at 100% rather than adjusted to match either external figure. Needs either the (currently inaccessible) primary Lynch EMB-failure studies or a study of standalone office EMB practice patterns specifically to advance further. DISTRIBUTION FIXED 2026-08-31: was 'beta' with low=0.5/high=1.0/base=1.0 -- a beta distribution cannot have a genuine mean of 1.0 except as a degenerate boundary distribution, so draw_parameter_sample() was silently clamping every PSA draw to ~0.999999, meaning this parameter never actually varied in probabilistic sensitivity analysis despite carrying an explicit 0.5-1.0 uncertainty range. Changed to 'triangular(0.5, 1.0, 1.0)': 1.0 remains the base-case/modal assumption (min=mode=max upper bound), but PSA now genuinely explores the full plausibility range. This is a structural/plausibility range, not a binomial confidence interval, which also makes triangular the more honest distributional choice than beta was for this parameter. See tests/testthat/test-parameters.R and docs/data_sources.md for the regression test and full writeup. SUPERSEDED 2026-09-02: no longer consumed by compute_office_emb_strategy_cost(), compute_strategy_clinical_outcomes(), or compute_diagnostic_yield(). Replaced by the two-parameter branching structure office_repeat_attempt_fraction x office_repeat_attempt_success_probability, which reproduces Yi et al. 2018's actual decision-tree logic (a repeat Pipelle attempt that itself either succeeds or -- per Yi's own tree -- proceeds to D&C, never left unresolved) instead of collapsing that structure into a single 'escalation fraction.' Retained in this table only as a historical record of the single-parameter approach it replaced; kept intact rather than deleted per this project's convention of not silently removing superseded parameters. Row-level regression tests referencing this parameter's PSA behavior (test-parameters.R) were updated accordingly -- see CHANGELOG.md.",NA,NA,C
combined_to_dnc_probability,probability,combined_emb,"Probability that combined colonoscopy+EMB fails (e.g. cervical stenosis, inadequate tissue) and requires subsequent hysteroscopy/D&C",0.018,probability,0.0022,0.0636,beta,NA,"Nebgen et al. 2014, long-term combined colonoscopy+EMB screening cohort (PMC4389779)",FALSE,"CORRECTED 2026-08-31 (was 0.036, a denominator mismatch caught by direct primary-source verification): the paper's own text states 'Two women (3.6%) had cervical stenosis and underwent hysteroscopy with dilation and curettage' in its Demographics section, positioned among other unambiguously patient-level percentages (mean age, race, parity, weight -- all computed over n=55 patients). 2/55 = 3.636% confirms this is a PATIENT-LEVEL prevalence across a 10.5-year, multi-visit screening history, not a per-encounter rate -- the same paper explicitly uses the 111-visit denominator elsewhere for encounter-level rates ('EMBx... detected endometrial cancer in 0.9% (1/111) of surveillance visits'), confirming the authors themselves distinguish the two denominators. This parameter is consumed by compute_combined_emb_strategy_cost() as a PER-ENCOUNTER escalation_probability (compute_strategy_costs() prices a single combined-screening visit, not a patient's multi-year series), so the patient-level 2/55 was the wrong denominator for how this parameter is actually used. Re-denominated to the per-encounter rate the paper itself reports the events against: 2/111 = 0.018. Low/high now the exact binomial 95% CI for 2/111 (R stats::binom.test()), replacing the previous unsourced 0.01-0.10 sensitivity band. IMPORTANT REMAINING LIMITATION, unchanged by this correction: the paper reports only the 2 cervical-stenosis-driven D&Cs specifically: 'If cervical stenosis or insufficient endometrial tissue was encountered, hysteroscopy and dilation and curettage were scheduled' describes the protocol, but the paper does not separately report a count of insufficient-tissue-only escalations. 2/111 is therefore a FLOOR on total combined-EMB escalations, not a complete count -- and the paper provides no data at all on what fraction of combined-EMB failures, if any, went unresolved (no rescue procedure), which is why compute_strategy_clinical_outcomes() still has no unresolved-failure branch for this arm (see docs/methods_notes.md's 'Interpretation of delayed-neoplasia outcomes').",NA,NA,A
emb_failure_general,reference_only,reference_only,"Weighted EMB failure/insufficient-sample rate, general postmenopausal-bleeding population",0.11,probability,NA,NA,fixed,NA,"Meta-analysis, accuracy of endometrial sampling in postmenopausal bleeding (PubMed 26748390)",FALSE,General-population comparator/sensitivity value; not used in the base case. Lynch-specific emb_failure_lynch is preferred for this model's population.,NA,NA,C
emb_insufficient_general,future_extension,future_extension,"Insufficient-tissue rate distinct from outright failure, general postmenopausal-bleeding population",0.31,probability,NA,NA,fixed,NA,Same meta-analysis (PubMed 26748390),FALSE,Not wired into the base-case decision tree. Retained for a future extension that separates 'failed to obtain tissue' from 'obtained tissue but nondiagnostic'.,NA,NA,C
cancer_or_precancer_after_failed_sample,future_extension,future_extension,Probability of cancer or precancer among women with a failed or insufficient endometrial sample,0.07,probability,NA,NA,fixed,NA,Same meta-analysis (PubMed 26748390),FALSE,Not used in the base-case cost-minimization model. Retained for a future diagnostic-consequence or cost-effectiveness extension.,NA,NA,C
combined_screen_adherence,future_extension,future_extension,Programmatic adherence to serial combined colonoscopy+EMB screening,0.88,probability,NA,NA,fixed,NA,Nebgen et al. 2014 (PMC4389779),FALSE,Not used in the base-case per-encounter cost model. Retained for a future longitudinal/effectiveness extension.,NA,NA,A
office_emb_pain_parous,patient_reported,future_extension,"Median self-reported pain (0-10) during office EMB, parous patients",5,score_0_10,NA,NA,fixed,NA,Huang et al. 2011 (PMC3014510),FALSE,For a future patient-centered/societal perspective. Not used in the payer-perspective base case.,NA,NA,A
office_emb_pain_nulliparous,patient_reported,future_extension,"Median self-reported pain (0-10) during office EMB, nulliparous patients",8,score_0_10,NA,NA,fixed,NA,Huang et al. 2011 (PMC3014510),FALSE,For a future patient-centered/societal perspective. Not used in the payer-perspective base case.,NA,NA,A
combined_emb_pain,patient_reported,future_extension,Median self-reported pain (0-10) during EMB performed under colonoscopy sedation,1,score_0_10,NA,NA,fixed,NA,Huang et al. 2011 (PMC3014510),FALSE,For a future patient-centered/societal perspective. Not used in the payer-perspective base case.,NA,NA,A
emb_disposable_supply_cost,supplies,combined_emb,"Disposable supply cost for endometrial biopsy (Pipelle curette, pelvic exam pack, uterine sound, tenaculum, lidocaine, antiseptic swabs)",28.79,USD_per_procedure,24.47,33.11,gamma,2026,"CMS CY2026 Physician Fee Schedule Final Rule Direct Practice Expense Inputs file (CMS-1832-F), CPT 58100 nonfacility supply line items, summed: pack/pelvic exam $14.38 + sterile gloves $0.91 + needle 18-27g $0.04 + syringe 10-12ml $0.21 + endometrial suction curette/Pipelle $5.75 + uterine sound $3.17 + tenaculum $3.77 + lidocaine 1% w-epi 1ml $0.08 + povidone-iodine swabsticks $0.48 = $28.79",FALSE,"Applies ONLY to the combined_emb arm. Removed from the office_emb arm's cost sum: CMS's Direct PE Inputs file confirms these exact supply items, including the Pipelle device itself, are already priced into emb_office_professional_cost's nonfacility PE RVU (nf_quantity=1 for every item) -- adding this separately for office_emb was a genuine double-count. For combined_emb, the same file shows f_quantity=0 for every one of these items in the facility setting, meaning the facility-setting professional fee (emb_office_professional_cost_facility) does not price them in; since the incremental-cost principle also means the colonoscopy facility itself is never separately charged to this arm, these supplies remain a real incremental out-of-pocket cost when EMB is added to the colonoscopy. See docs/data_sources.md.",NA,NA,B
office_visit_em_cost,clinic_encounter,office_emb,"Evaluation-and-management office-visit cost bundled with a standalone office EMB visit (established patient, CPT 99213)",88.76,USD_per_visit,83.86,93.53,gamma,2024,"CMS Physician & Other Practitioners by Provider and Service, 2024 (CPT 99213, filtered to Rndrng_Prvdr_Type = 'Obstetrics & Gynecology', live API query 2026-08-28); 12,739 provider-service rows, 686,012 observed services",FALSE,"Service-weighted mean allowed amount across real 2024 OB/GYN-specialty claims specifically (not a national all-specialty average, which would be dominated by primary care). Low/high are the real p25/p75 from the same claims data. Replaces the earlier unverified $110 rough anchor.",NA,NA,B
combined_requires_preop_office_visit,structural,combined_emb,Scenario toggle: does the combined strategy require a separate preliminary office visit before the day of colonoscopy?,TRUE,boolean,NA,NA,fixed,NA,"Model owner's clinical practice decision (Tyler Muffly, MD, Denver Health), 2026-08-30: the combined strategy's protocol includes a separate preoperative office visit before the colonoscopy date, for consent and risk assessment specific to adding EMB to the procedure.",FALSE,"Structural modeling convention, not a literature-evidence claim -- matches the pattern used for reference_dollar_year. Base case now includes a separate preop office visit (office_visit_em_cost, $88.76, added as the preop_office_visit component in compute_combined_emb_strategy_cost()). Scenario analysis can set this FALSE to model consent/risk assessment folded into existing care instead (the prior base-case assumption).",NA,NA,structural
coordination_cost,coordination,combined_emb,Scheduling/staffing coordination cost to align gynecology and colorectal/endoscopy services for a combined visit,22.08,USD_per_procedure,9.38,38.09,gamma,2025,"Wage: O*NET OnLine median wage report for SOC 43-6013 Medical Secretaries and Administrative Assistants, 2025 ($22.08/hour), sourced from BLS OEWS data (bls.gov itself blocks automated retrieval; O*NET OnLine is the DOL/BLS-funded site that republishes the same underlying wage data). Time: practitioner estimate (Tyler Muffly, MD, Denver Health), 2026-08-28.",TRUE,"PROVISIONAL (time component only). Base value = 2 schedulers (GYN + colorectal) x 30 min each x $22.08/hr = 2 x 0.5hr x $22.08 = $22.08. The wage component is real and cited; the TIME component (30 min/scheduler) is a practitioner estimate reflecting real institutional workflow, not an independently published source -- still flagged provisional for that reason, but materially better-grounded than the prior $25 unfounded guess it replaced (which was coincidentally close). Low/high vary both factors together: low = 2 x 15min x (wage x0.85) = 2 x 0.25hr x $18.77 = $9.38; high = 2 x 45min x (wage x1.15) = 2 x 0.75hr x $25.39 = $38.09. The +/-15% wage band and +/-50% time band are modeler-chosen sensitivity widths (no published wage percentile or coordination-time range was found), not measured uncertainty. See scheduler_hourly_wage_onet_2025 for the wage component kept separately citable.",NA,NA,D
dnc_facility_or_asc_fee,facility_fee,dnc,Hospital outpatient (OPPS) facility payment for D&C (CPT 58120),3307.24,USD_per_procedure,1738.07,3803.33,gamma,2026,"CMS OPPS Addendum B, July 2026 (CPT 58120, status indicator J1, APC 5414, relative weight 36.1783); low bound is the CMS ASC Addendum AA, July 2026 (CPT 58120, payment indicator A2, weight 30.8596)",FALSE,"Base case assumes the hospital outpatient (OPPS) setting for 'operative D&C,' consistent with this arm's framing as an OR-based procedure; the real, sourced ASC rate ($1738.07, see dnc_facility_fee_asc_2026) is used as the low sensitivity bound rather than an assumption. High bound is base +15% (no published upper-bound source; national rate does not reflect wage-index variation across facilities). Both files downloaded directly from cms.gov (files/zip/july-2026-opps-addendum-b.zip and files/zip/july-2026-asc-addenda.zip) on 2026-08-28; verify against the current quarterly addenda before publication, since these update quarterly.",NA,NA,B
dnc_preop_clinic_visit_cost,clinic_encounter,dnc,"Preoperative history/physical/consent visit cost for D&C (established patient, CPT 99214)",125.40,USD_per_visit,118.30,131.80,gamma,2024,"CMS Physician & Other Practitioners by Provider and Service, 2024 (CPT 99214, filtered to Rndrng_Prvdr_Type = 'Obstetrics & Gynecology', live API query 2026-08-28); 7,642 provider-service rows, 515,741 observed services",FALSE,"Service-weighted mean allowed amount across real 2024 OB/GYN-specialty claims. CPT 58120's CMS global-surgery period is 010 days (confirmed via the 2026 PFS Relative Value File, PPRRVU2026_Jul, GLOB DAYS field), not 090 -- the 1-day-before bundling rule that applies to major (090-day) procedures does NOT apply here, so a preop visit on a separate calendar day from the procedure is genuinely separately payable, not already bundled into dc_professional_cost. Level 4 (99214, moderate complexity) chosen over 99213 to reflect surgical consent/risk discussion; low/high are the real p25/p75 from the same claims data. Replaces the earlier fully unsourced $150 placeholder.",NA,NA,B
dnc_recovery_room_cost,recovery,reference_only,"Post-anesthesia care unit (PACU) / recovery-room cost for D&C -- reference only, NOT summed into the D&C strategy cost",250,USD_per_procedure,NA,NA,fixed,NA,"MedPAC, Ambulatory Surgical Center Services Payment System (payment basics, rev. Nov 2021): 'Medicare pays for facility services provided in ASCs -- such as nursing, recovery care, anesthetics, drugs, and other supplies -- using a payment system that is primarily linked to [OPPS]... Within each APC, CMS packages most ancillary items and services with the primary service.'",TRUE,"PROVISIONAL / reference only. Deliberately excluded from compute_dnc_strategy_cost() as of 2026-08-28: recovery-room/PACU time is already packaged into dnc_facility_or_asc_fee under OPPS/ASC payment methodology (see source), so summing this separately would double-count it. Retained only so a unit test can confirm it is never summed into the D&C-arm cost (see tests/testthat/test-strategy-costs.R), matching the pattern used for colonoscopy_anesthesia_episode_cost in the combined arm. The $250 base_value is the OLD placeholder, kept for the exclusion test's reference, not a cost estimate.",NA,NA,D
dnc_anesthesia_cost,anesthesia_sedation,dnc,"Anesthesia professional-service cost for operative D&C (CPT 00952, the ASA crosswalk code for CPT 58120)",114.50,USD_per_procedure,77.84,139.10,gamma,2024,"CMS Physician & Other Practitioners by Provider and Service, 2024 (CPT 00952, live API query 2026-08-28); 118 provider-service rows, 1,936 total observed services",FALSE,"Service-weighted mean allowed amount across real 2024 claims (mean $112.40, median $114.80, SD $38.17). Low/high are the real p25/p75 from the same claims data, not an assumed range. Represents only the anesthesia provider's separately-billed professional fee -- routine anesthesia drugs and supplies are packaged into dnc_facility_or_asc_fee under OPPS/ASC payment methodology, so this is not double-counting facility-side anesthesia costs.",NA,NA,B
reference_dollar_year,structural,shared,Reference year to which all costs are inflation-adjusted for reporting,2026,year,NA,NA,fixed,NA,Analysis convention,FALSE,All cost outputs are expressed in reference_dollar_year dollars using adjust_for_inflation().,NA,NA,structural
cost_emb_ladabaum_2010,reference_only,reference_only,"Office endometrial biopsy resource-cost proxy (procedure only; independent literature anchor track, separate from the CMS-2026-based track)",224,USD_per_procedure,179,269,gamma,2010,"Ladabaum U et al. Strategies to Identify the Lynch Syndrome Among Patients With Colorectal Cancer: A Cost-Effectiveness Analysis. Ann Intern Med 2011 (PMC3793257), Appendix Table 2, sourced from the 2010 CMS Physician Fee Schedule",FALSE,"Kept as a SEPARATE provenance track from emb_office_professional_cost so a 2010-Medicare-inflated estimate is never conflated with a direct 2026-Medicare lookup -- these answer different questions. Does NOT clearly include pathology (the source's colonoscopy entry separately itemizes 'polypectomy and pathology', implying EMB pathology is not bundled here); pair with emb_pathology_cost if used as an alternative office-arm professional-fee input in a scenario. Gamma alpha/rate reported directly in the source appendix; verify this parameterization against the original calculation before use, as appendix values may be rounded or OCR-truncated.",13.94,0.062,B
cost_colonoscopy_ladabaum_2010,reference_only,reference_only,Baseline screening colonoscopy cost (literature anchor; NOT charged to the combined-EMB strategy),645,USD_per_episode,516,774,gamma,2010,"Ladabaum et al. 2011, Appendix Table 2 (PMC3793257)",FALSE,"Retained only as a validation/reference value and for a possible future total-healthcare-utilization scenario. Under the incremental-cost principle used throughout this repository, this value is never added to combined_emb strategy cost: the Lynch patient is assumed to be undergoing this colonoscopy regardless of whether EMB is added (Ladabaum et al. make the same modeling assumption).",NA,NA,B
lynch_surveillance_adherence_ladabaum,future_extension,future_extension,Annual adherence to Lynch syndrome gynecologic surveillance,0.80,probability,0.67,0.87,beta,NA,Ladabaum et al. 2011 (PMC3793257),FALSE,"Not used in the base-case per-encounter cost model. Retained for a future longitudinal/effectiveness extension, alongside combined_screen_adherence (a different, program-specific adherence estimate from Nebgen et al. 2014).",NA,NA,A
cost_hysteroscopy_office_munro_2022,reference_only,reference_only,U.S. health-system cost of CPT 58558 hysteroscopy performed in the office setting,1382.48,USD_per_procedure,NA,NA,fixed,2022,Munro MG et al. Office versus Institutional Operative Hysteroscopy: An Economic Model. ScienceDirect S1553465021013261,FALSE,"External validation/benchmark value, not wired into the base-case engine. Useful convergent-validation context: the OR estimate from this same paper ($2,918.10) is remarkably close to Yi et al. 2018's independently modeled D&C strategy cost ($2,999.11), despite different methods.",NA,NA,B
cost_hysteroscopy_asc_munro_2022,reference_only,reference_only,U.S. health-system cost of CPT 58558 hysteroscopy performed in an ambulatory surgery center,1655.31,USD_per_procedure,NA,NA,fixed,2022,Munro MG et al. Office versus Institutional Operative Hysteroscopy: An Economic Model. ScienceDirect S1553465021013261,FALSE,"External validation/benchmark value, not wired into the base-case engine.",NA,NA,B
cost_hysteroscopy_or_munro_2022,reference_only,reference_only,U.S. health-system cost of CPT 58558 hysteroscopy performed in the operating room,2918.10,USD_per_procedure,NA,NA,fixed,2022,Munro MG et al. Office versus Institutional Operative Hysteroscopy: An Economic Model. ScienceDirect S1553465021013261,FALSE,"External validation/benchmark value, not wired into the base-case engine. Convergent with Yi et al. 2018's D&C strategy TOTAL cost of $2,999.11 (which includes downstream probability-weighted revisit/treatment costs, not a pure procedure fee) -- see cost_dc_yi2018 for the procedure-level figure specifically.",NA,NA,B
cost_pipelle_yi2018,reference_only,reference_only,"Average 2017 Medicare reimbursement for Pipelle endometrial sampling (physician service fee + outpatient hospital charge combined), from Yi et al. 2018's decision-tree model inputs",244.41,USD_per_procedure,228.4,361.46,fixed,2017,"Yi Y et al. Cost-effectiveness analysis of biopsy strategies for endometrial cancer diagnosis in women with postmenopausal bleeding: Pipelle sampling curette versus dilatation & curettage. Gynecol Oncol 2018;150:112-118 (PubMed 29747864), Table 1",FALSE,"External validation/benchmark value, not wired into the base-case engine. A procedure-level (not total-strategy) cost anchor for cross-checking emb_office_professional_cost + emb_pathology_cost against an independent 2017 Medicare-reimbursement source. See docs/validation_notes.md for the full comparison and why Yi et al.'s overall decision-tree output ($1,897.80 Pipelle-strategy total) is not directly reproducible by this repository's cost-only engine.",NA,NA,B
cost_dc_yi2018,reference_only,reference_only,"Average 2017 Medicare reimbursement for D&C (physician service fee + outpatient hospital charge combined), from Yi et al. 2018's decision-tree model inputs",2310.47,USD_per_procedure,2272.47,2600.47,fixed,2017,"Yi Y et al. Cost-effectiveness analysis of biopsy strategies for endometrial cancer diagnosis in women with postmenopausal bleeding: Pipelle sampling curette versus dilatation & curettage. Gynecol Oncol 2018;150:112-118 (PubMed 29747864), Table 1",FALSE,"External validation/benchmark value, not wired into the base-case engine. A procedure-level (not total-strategy) cost anchor for cross-checking this repository's D&C arm components (dc_professional_cost + dnc_facility_or_asc_fee, currently ~$3,517 combined in 2026 dollars) against an independent 2017 Medicare-reimbursement source. See docs/validation_notes.md for the full comparison.",NA,NA,B
emb_failure_general_adambekov_2017,reference_only,reference_only,"General U.S. (non-Lynch) Pipelle office biopsy failure rate, with reasons for failure",0.229,probability,NA,NA,fixed,2017,Adambekov S et al. Patient and provider factors associated with endometrial Pipelle sampling failure. PubMed 27912906,FALSE,46/201 women (22.9%) had a failed Pipelle: 8/201 (4.0%) could not access the endometrium and 37/201 (18.4%) had an inadequate specimen -- a useful subtype breakdown not captured by the single emb_failure_lynch or emb_failure_general parameters. General-population comparator; not used in the base case.,NA,NA,C
hysteroscopy_failure_rate_lynch_range,future_extension,future_extension,Range of reported hysteroscopy failure rates in Lynch-specific surveillance literature,0.174,probability,0.088,0.261,beta,NA,"NIHR systematic review, Gynaecological cancer surveillance for women with Lynch syndrome (NCBI Bookshelf NBK606812)",FALSE,Not wired into the base-case dnc arm (which is currently modeled as deterministic with no failure branch of its own). Retained for a future extension that models the OR/hysteroscopy arm as CPT 58558 with its own failure probability rather than a purely deterministic blind D&C -- see hysteroscopy_dc_professional_cost.,NA,NA,A
dnc_facility_fee_asc_2026,reference_only,scenario_only,Ambulatory surgery center (ASC) facility payment for D&C (CPT 58120) -- alternative setting to the OPPS base case,1738.07,USD_per_procedure,NA,NA,fixed,2026,"CMS ASC Payment Rates Addendum AA, July 2026 (CPT 58120, payment indicator A2, relative weight 30.8596)",FALSE,"Real, sourced value for a 'D&C performed in ASC rather than hospital outpatient' scenario. Already used as the low sensitivity bound on dnc_facility_or_asc_fee; this named parameter lets a scenario substitute it directly instead of only sweeping the low bound. Downloaded from cms.gov (files/zip/july-2026-asc-addenda.zip) on 2026-08-28; ASC addenda update quarterly.",NA,NA,B
cost_hysteroscopy_or_opps_2026,reference_only,reference_only,Hospital outpatient (OPPS) facility payment for CPT 58558 (hysteroscopy with D&C) -- cross-check only,3307.24,USD_per_procedure,NA,NA,fixed,2026,"CMS OPPS Addendum B, July 2026 (CPT 58558, status indicator J1, APC 5414 -- the same APC as CPT 58120)",FALSE,"Not wired into the base-case engine. Notable as a cross-check: 58558 groups into the identical OPPS APC as 58120, so their facility payments are identical ($3,307.24) even though their professional fees differ. Does not resolve the hysteroscopy_dc_professional_cost data-quality flag (that discrepancy is about the professional fee, not the facility fee captured here).",NA,NA,B
scheduler_hourly_wage_onet_2025,reference_only,reference_only,Median hourly wage for medical scheduling/administrative staff (SOC 43-6013 Medical Secretaries and Administrative Assistants),22.08,USD_per_hour,NA,NA,fixed,2025,"O*NET OnLine (onetonline.org/link/summary/43-6013.00), Median wages (2025), sourced from BLS Occupational Employment and Wage Statistics",FALSE,"Kept as its own citable reference value rather than only embedded in coordination_cost's derivation, so it can be reused if the coordination-cost calculation is later split into separate wage/time parameters wired directly into R/strategy_costs.R (matching the pattern already used for combined_emb_added_minutes x direct_room_cost_per_minute). bls.gov itself returns HTTP 403 to automated retrieval (explicit stated bot policy); O*NET OnLine is the DOL/BLS-funded site that republishes the same OEWS wage data and does not block this.",NA,NA,B
cost_hysteroscopy_office_moawad_2014,reference_only,reference_only,U.S. procedure-charge cost of office diagnostic hysteroscopy (CPT 58555) for abnormal uterine bleeding,1356,USD_per_procedure,NA,NA,fixed,2014,"Moawad NS et al. Cost-Effectiveness of Office Hysteroscopy for Abnormal Uterine Bleeding. JSLS 2014;18(3):e2014.00393 (PMID 25392671), Table 1",FALSE,"External validation/benchmark value, not wired into the base-case engine. University of Florida retrospective audit, n=130, non-Lynch abnormal-uterine-bleeding population; billing-department procedure CHARGES (not Medicare-allowed reimbursement, and not a Lynch-specific EMB Pipelle study) -- a different cost basis than this repository's CMS-allowed-amount parameters, so treated only as a directional cross-check. A second, independent office-vs-institutional cost differential alongside cost_hysteroscopy_office_munro_2022 / cost_hysteroscopy_or_munro_2022, for a different procedure (diagnostic hysteroscopy, not hysteroscopic biopsy/polypectomy) and a different dollar year.",NA,NA,B
cost_hysteroscopy_or_moawad_2014,reference_only,reference_only,U.S. procedure-charge cost of hysteroscopy performed in the operating room under anesthesia (physician + anesthesia + hospital fee),4946,USD_per_procedure,NA,NA,fixed,2014,"Moawad NS et al. Cost-Effectiveness of Office Hysteroscopy for Abnormal Uterine Bleeding. JSLS 2014;18(3):e2014.00393 (PMID 25392671), Table 1",FALSE,"External validation/benchmark value, not wired into the base-case engine. Sum of physician fee $1356 + anesthesia fee $1190 + hospital fee $2400 (billing-department charges, 2014 dollars). Paired with cost_hysteroscopy_office_moawad_2014; the study's own two-strategy comparison (office-first-with-OR-rescue vs. all-OR) found $1498 savings per patient (95% CI $1051-$1923), structurally the same office-vs-institutional argument this repository makes for EMB vs. D&C, but for hysteroscopy in a non-Lynch AUB population.",NA,NA,B
dnc_perforation_probability,probability,dnc,Probability of uterine perforation during nonobstetric D&C,0.0093,probability,0.0069,0.0123,beta,NA,"Hefler L et al. The intraoperative complication rate of nonobstetric dilation and curettage. Obstet Gynecol 2009;113(6):1268-1271 (PMID 19461421)",FALSE,"50/5,359 nonobstetric D&Cs (2,542 premenopausal + 2,817 postmenopausal patients, single Austrian center, 1995-2006). General surgical-gynecology population, NOT Lynch-specific. Retroverted uterus, postmenopausal status, and nulliparity were independently associated with higher complication risk in this cohort -- relevant because Lynch surveillance D&Cs skew toward exactly this risk profile (older, sometimes nulliparous patients), so this rate may understate risk for the model's actual population. 95% CI computed via exact binomial test (R stats::binom.test), not reported by the source. Not wired into compute_dnc_strategy_cost() -- reserved for a future adverse-event-cost extension once real CMS resource-pathway costs for perforation management are sourced (see docs/data_sources.md). Part of a four-parameter set reviewed 2026-08-31 alongside dnc_false_passage_probability, dnc_severe_hemorrhage_probability, and dnc_overall_complication_probability. MANAGEMENT-PATHWAY COSTING WIRED 2026-09-01 (PARTIAL): compute_dnc_strategy_cost() now includes an adverse_event_cost_partial_perforation_only component = dnc_perforation_probability x [P(observation)x$0 + P(laparoscopy-only)x(laparoscopy professional + facility fee)], per docs/ae_cost_evidence_table.md and tables/ae_cost_evidence_table.csv. Only the fully-costed 65.4% of management states (observation, laparoscopy-only) are included; immediate laparotomy, laparoscopy-converted-to-laparotomy, and unspecified management (34.6% combined) are deliberately excluded because CPT 49000 (laparotomy) has no OPPS/ASC facility rate (status indicator C, inpatient-only) -- explicitly a lower-bound partial cost, not a complete adverse-event cost, and labeled as such in cost_components output.",NA,NA,C
dnc_false_passage_probability,future_extension,future_extension,Probability of cervical false passage during nonobstetric D&C,0.0078,probability,0.0057,0.0106,beta,NA,"Hefler L et al. 2009 (PMID 19461421), same cohort as dnc_perforation_probability",FALSE,"42/5,359. Non-Lynch general D&C population. 95% CI computed via exact binomial test, not reported by the source. Not wired into any cost function.",NA,NA,C
dnc_severe_hemorrhage_probability,future_extension,future_extension,Probability of severe hemorrhage during nonobstetric D&C,0.0013,probability,0.0005,0.0027,beta,NA,"Hefler L et al. 2009 (PMID 19461421), same cohort as dnc_perforation_probability",FALSE,"7/5,359. Non-Lynch general D&C population. 95% CI computed via exact binomial test, not reported by the source. Not wired into any cost function. MANAGEMENT-PATHWAY COSTING ATTEMPTED 2026-09-01: see docs/ae_cost_evidence_table.md -- no source for hemorrhage management (transfusion rate, reoperation rate, etc.) was located this session; remains fully unsourced, not monetized.",NA,NA,C
dnc_overall_complication_probability,future_extension,future_extension,"Overall intraoperative complication probability for nonobstetric D&C (perforation + false passage + hemorrhage + laceration)",0.0192,probability,0.0157,0.0233,beta,NA,"Hefler L et al. 2009 (PMID 19461421), same cohort as dnc_perforation_probability",FALSE,"103/5,359 (includes the perforation/false-passage/hemorrhage counts above plus 3 vaginal and 1 cervical laceration, not separately parameterized). 95% CI computed via exact binomial test. Retained as an aggregate cross-check against the sum of the granular AE probabilities above; not itself wired into any cost function.",NA,NA,C
hysteroscopy_diagnostic_complication_probability,future_extension,future_extension,Overall complication probability for diagnostic (non-operative) hysteroscopy,0.0013,probability,NA,NA,fixed,NA,"ACOG Committee Opinion No. 800, The Use of Hysteroscopy for the Diagnosis and Treatment of Intrauterine Pathology (2020), citing two pooled multicenter series",FALSE,"0.13%, significantly lower than operative hysteroscopy's 0.95% (P<.01) per the same source. ACOG's summary does not report the exact denominator this specific figure was computed from (the source cites '13,600 diagnostic and operative hysteroscopies' and '21,676 operative hysteroscopies' as the two underlying series without fully disaggregating which n backs the 0.13%/0.95% split) or a confidence interval -- treated as a fixed point estimate for that reason. Non-Lynch general hysteroscopy population. Relevant to a future hysteroscopy-guided-D&C comparator arm (see hysteroscopy_dc_professional_cost, hysteroscopy_failure_rate_lynch_range), not the current blind-D&C base case.",NA,NA,C
hysteroscopy_operative_complication_probability,future_extension,future_extension,Overall complication probability for operative hysteroscopy,0.0095,probability,NA,NA,fixed,NA,"ACOG Committee Opinion No. 800 (2020), same source as hysteroscopy_diagnostic_complication_probability",FALSE,"0.95%, significantly higher than diagnostic hysteroscopy's 0.13% (P<.01). Same denominator-ambiguity and non-Lynch caveats as hysteroscopy_diagnostic_complication_probability.",NA,NA,C
hysteroscopy_postprocedure_infection_probability,future_extension,future_extension,"Range of reported postprocedure infection rates (endometritis/endomyometritis, UTI) after hysteroscopy",0.0072,probability,0.0001,0.0142,fixed,NA,"ACOG Committee Opinion No. 800 (2020), citing two pooled sources for the range",FALSE,"Source reports only a range (0.01%-1.42%), no central estimate; base_value here is the arithmetic midpoint of that range, not an independently estimated point value -- do not treat base_value as more precise than the range itself. Non-Lynch. ACOG notes randomized trials have not shown antibiotic prophylaxis reduces postoperative infection after diagnostic or operative hysteroscopy.",NA,NA,C
office_emb_serious_infection_probability,future_extension,future_extension,Probability of a serious infectious complication (e.g. septic shock) after office endometrial biopsy,0,probability,NA,NA,fixed,NA,"Namazov A et al. Septic Shock and Multiple Organ Failure After Office Endometrial Sampling. J Reprod Med 2017;62(1-2):72-74 (PMID 29999294), a case report",TRUE,"PROVISIONAL. This is NOT a measured rate: the source's own text states 'No data are available of infectious complications related to endometrial biopsy. The incidence is presumed to be negligible,' illustrated by a single severe case report. Base value of 0 reflects the absence of any denominator to estimate a rate from, not a claim of zero risk. Retained as a documented placeholder pending real incidence data; do not treat as evidence that office EMB carries no infection risk.",NA,NA,D
office_emb_cancer_sensitivity,probability,office_emb,"Sensitivity of Pipelle office endometrial biopsy for detecting endometrial cancer, vs. hysterectomy histopathology",0.774,probability,0.565,0.900,beta,NA,"Sakna NA et al. Diagnostic accuracy of endometrial sampling tests for detecting endometrial cancer: a systematic review and meta-analysis. BMJ Open 2023;13:e072124 (open access, bivariate diagnostic random-effects meta-analysis)",FALSE,"WIRED 2026-09-02 into compute_diagnostic_yield(), reported via analysis/13_diagnostic_yield.R as a supplementary Results paragraph (manuscript reference 17) -- previously computed by this function but never actually run/reported. Pooled from only 3 of the 12 included studies (the Pipelle-specific EC subgroup). Population is women with clinical suspicion of endometrial carcinoma (mostly postmenopausal bleeding) referred for hysterectomy, NOT an asymptomatic Lynch surveillance population -- indirect evidence, not a direct measurement of this model's target population. Companion specificity value: office_emb_cancer_specificity (0.985, still not consumed by any function).",NA,NA,C
dnc_cancer_sensitivity,probability,dnc,"Sensitivity of conventional D&C for detecting endometrial cancer, vs. hysterectomy histopathology",0.880,probability,0.281,0.993,beta,NA,"Sakna NA et al. 2023 (BMJ Open, same meta-analysis as office_emb_cancer_sensitivity)",FALSE,"WIRED 2026-09-02, same change as office_emb_cancer_sensitivity -- see that row's notes. Pooled from 5 of the 12 included studies. Same non-Lynch, symptomatic-population caveat as office_emb_cancer_sensitivity. The very wide 95% CI (28.1%-99.3%) reflects genuine heterogeneity across the 5 pooled studies, not a typo -- treat this parameter's uncertainty as large; the manuscript's Results/Discussion now state this explicitly. Companion specificity value: dnc_cancer_specificity (0.984, still not consumed by any function).",NA,NA,C
office_emb_cancer_specificity,future_extension,future_extension,Specificity of Pipelle office endometrial biopsy for detecting endometrial cancer,0.985,probability,0.927,0.997,beta,NA,"Sakna NA et al. 2023 (BMJ Open, same meta-analysis as office_emb_cancer_sensitivity)",FALSE,"Companion value to office_emb_cancer_sensitivity; same 3-study pooled, non-Lynch, symptomatic-population caveats apply.",NA,NA,C
dnc_cancer_specificity,future_extension,future_extension,Specificity of conventional D&C for detecting endometrial cancer,0.984,probability,0.956,0.995,beta,NA,"Sakna NA et al. 2023 (BMJ Open, same meta-analysis as dnc_cancer_sensitivity)",FALSE,"Companion value to dnc_cancer_sensitivity; same 5-study pooled, non-Lynch, symptomatic-population caveats apply.",NA,NA,C
office_emb_precancer_sensitivity,probability,office_emb,Sensitivity of Pipelle office endometrial biopsy for detecting atypical endometrial hyperplasia (AEH/EIN),0.74,probability,NA,NA,fixed,NA,"Sakna NA et al. 2023 (BMJ Open, same meta-analysis, AEH subgroup)",FALSE,"WIRED 2026-09-02, same change as office_emb_cancer_sensitivity -- see that row's notes. Point estimate only -- no confidence interval reported in the source's main text for the AEH-specific Pipelle subgroup (3 studies). Same non-Lynch, symptomatic-population caveat as the cancer-sensitivity values. Companion value: dnc_precancer_sensitivity (0.80).",NA,NA,C
dnc_precancer_sensitivity,probability,dnc,Sensitivity of conventional D&C for detecting atypical endometrial hyperplasia (AEH/EIN),0.80,probability,NA,NA,fixed,NA,"Sakna NA et al. 2023 (BMJ Open, same meta-analysis, AEH subgroup, 3 studies)",FALSE,"WIRED 2026-09-02, same change as office_emb_cancer_sensitivity -- see that row's notes. Point estimate only -- no confidence interval reported in the source's main text for this subgroup. Same non-Lynch caveat as office_emb_precancer_sensitivity.",NA,NA,C
office_failed_emb_further_workup_fraction,future_extension,future_extension,"Fraction of women with a benign or insufficient office endometrial sample who go on to further diagnostic workup (hysteroscopy or saline infusion sonography -- not necessarily D&C specifically)",0.695,probability,0.50,1.00,beta,NA,"Slaager FC et al. Diagnostic workup of patients with benign or inconclusive reports on office endometrial biopsy after first episode of postmenopausal blood loss. Eur J Obstet Gynecol Reprod Biol 2025;310:113991 (PMID 40294513), a multicenter prospective cohort",FALSE,"NOT the authors' own stated number -- derived here from their reported subgroup percentages: 20.8% of the 197 patients who received further workup had an insufficient sample (~41 patients), vs. 11.8% of the 153 managed expectantly (~18 patients); 41/(41+18) = 69.5%, rounded to 0.695. Non-Lynch (postmenopausal bleeding, first episode), and 'further workup' is hysteroscopy OR saline infusion sonography, not specifically D&C -- distinct from office_to_dnc_escalation_fraction (the parameter actually wired into compute_office_emb_strategy_cost(), currently 100% D&C-specific by conservative assumption). This parameter is a more granular, still-unwired reference value for a future decomposition of that escalation step; it does not replace or override office_to_dnc_escalation_fraction's base-case value. Low/high (0.50-1.00) reflect deliberate uncertainty in extrapolating a derived, non-Lynch estimate.",NA,NA,C
cost_uterine_perforation_gtn_model_2020,reference_only,reference_only,Cost of managing a uterine perforation (assumed diagnostic laparoscopy pathway) -- reference/scenario only,12800,USD_per_event,NA,NA,fixed,2018,"Batman S et al. Cost-effectiveness of second curettage for treatment of low-risk non-metastatic gestational trophoblastic neoplasia. Gynecol Oncol 2020;157(3):711-715 (PMID 32276791, PMC7293571), Table 2",TRUE,"PROVISIONAL, NOT a base-case value, and NOT wired into any cost function. Doubly-inherited/doubly-assumed cost chain: this GTN cost-effectiveness model itself borrowed the figure from Moayeri SE et al. 2009 (a laparoscopy-for-infertility cost-effectiveness study, Fertil Steril), under the modeling assumption that every uterine perforation results in a diagnostic laparoscopy, then inflated it to 2018 dollars via medical CPI. Wrong clinical population entirely (gestational trophoblastic neoplasia chemotherapy-vs-curettage comparison, not diagnostic endometrial sampling or Lynch surveillance). Retained only as a documented starting point should a real CMS resource-pathway costing exercise for dnc_perforation_probability be undertaken later -- per docs/validation_notes.md's explicit norm against fabricating structure to hit a target number, this is disclosed as a weak, indirect anchor, not treated as sufficient evidence on its own.",NA,NA,D
cost_hemorrhage_gtn_model_2020,reference_only,reference_only,Cost of managing a severe hemorrhage (blood transfusion + extended nursing care) -- reference/scenario only,4882,USD_per_event,NA,NA,fixed,2018,"Batman S et al. 2020 (PMID 32276791, PMC7293571), Table 2, same source as cost_uterine_perforation_gtn_model_2020",TRUE,"PROVISIONAL, NOT a base-case value, and NOT wired into any cost function. Same doubly-inherited caveat: originally from Chung A et al. 2001 (a trial-of-labor-after-cesarean cost-effectiveness study, Obstet Gynecol), inflated to 2018 dollars by the GTN model. Wrong clinical population. Retained only as a documented starting point for dnc_severe_hemorrhage_probability's eventual cost pairing, not as sufficient evidence on its own.",NA,NA,D
dnc_perforation_management_observation_fraction,probability,dnc,Fraction of D&C uterine perforations managed by observation only (curettage discontinued; postperforation course uneventful),0.4423,probability,0.3047,0.5867,beta,NA,"Ben-Baruch G, Menczer J, Frenkel Y, Serr DM. Laparoscopy in the management of uterine perforation. J Reprod Med 1982;27(2):73-76 (PMID 6212675)",FALSE,"23/52 curettage-related uterine perforations. Low/high = exact binomial 95% CI (R stats::binom.test). Contributes $0 to adverse_event_cost_partial_perforation_only by definition (no procedure billed) -- included in compute_dnc_strategy_cost() only so the formula in docs/ae_cost_evidence_table.md is reproduced literally in code, not for its dollar contribution. See docs/ae_cost_evidence_table.md for the full management-state accounting, including the 3/52 (5.8%) unspecified in the paper's own abstract.",NA,NA,C
dnc_perforation_management_laparoscopy_only_fraction,probability,dnc,"Fraction of D&C uterine perforations managed by diagnostic laparoscopy without conversion to laparotomy",0.2115,probability,0.1106,0.347,beta,NA,"Ben-Baruch G, Menczer J, Frenkel Y, Serr DM. Laparoscopy in the management of uterine perforation. J Reprod Med 1982;27(2):73-76 (PMID 6212675)",FALSE,"11/52 = 18 total postperforation-laparoscopy patients minus 7 who converted to laparotomy. Low/high = exact binomial 95% CI (R stats::binom.test). This is the ONLY perforation management state with a fully-sourced cost (both professional and facility fee) -- see dnc_perforation_laparoscopy_professional_cost and dnc_perforation_laparoscopy_facility_cost. Immediate laparotomy (15.4%), laparoscopy-converted-to-laparotomy (13.5%), and unspecified (5.8%) management states are NOT included in adverse_event_cost_partial_perforation_only: CPT 49000 (laparotomy) carries OPPS status indicator C (inpatient-only), so no OPPS/ASC facility fee exists for those states -- see docs/ae_cost_evidence_table.md.",NA,NA,C
dnc_perforation_laparoscopy_professional_cost,professional_fee,dnc,Physician professional fee for diagnostic laparoscopy performed to manage a D&C uterine perforation (CPT 49320),316.30,USD_per_procedure,268.86,363.75,gamma,2026,"CMS RVU26C, July 2026 release: CPT 49320 facility total RVU 9.47 x CY2026 conversion factor 33.4009 (articles/cms_source_data/rvu26c/PPRRVU2026_Jul_nonQPP.csv)",FALSE,"Verified directly from the live CY2026 RVU file, 2026-09-01. Low/high = base +/-15%, no published range (matches this repo's convention for other single-point CMS professional fees, e.g. dc_professional_cost).",NA,NA,B
dnc_perforation_laparoscopy_facility_cost,facility_fee,dnc,Hospital outpatient (OPPS) facility payment for diagnostic laparoscopy performed to manage a D&C uterine perforation (CPT 49320),6176,USD_per_procedure,5249.60,7102.40,gamma,2026,"CMS OPPS Addendum B, July 2026: CPT 49320, status indicator J1, APC 5361, payment weight 67.57 (articles/cms_source_data/opps_addendum_b_july2026)",FALSE,"Verified directly from the live CY2026 OPPS Addendum B, 2026-09-01. ASC alternative: $3,031 (ASC Addendum AA, payment indicator A2, weight 53.81) -- not used as the base value since a perforation discovered mid-D&C would most plausibly be managed same-facility/same-day in the hospital where the index D&C is already occurring, but a real lower bound rather than an assumed one. Low/high = base +/-15%, no published range.",NA,NA,B
office_repeat_attempt_fraction,probability,office_emb,Fraction of failed office EMB attempts for which the patient returns for a repeat office Pipelle attempt rather than proceeding directly to D&C,0.05,probability,0,0.06,triangular,NA,"Yi Y, Lu Y, Wu J. Cost-effectiveness analysis of biopsy strategies for endometrial cancer diagnosis in women with postmenopausal bleeding: Pipelle sampling curette versus dilatation & curettage. Gynecol Oncol 2018;150:112-118 (PMID 29747864)",FALSE,"Table 1: 'P (moving to D&C if 1st attempted Pipelle failed) = 0.95 (range 0.94-1)' -- this parameter is the complement, 0.05 (range 0-0.06). Explicitly an 'expert clinical estimation' per the paper's own text, not an empirical measurement -- hence triangular rather than a formal CI. General (non-Lynch) postmenopausal-bleeding population. SUPERSEDES office_to_dnc_escalation_fraction (see that parameter's notes): together with office_repeat_attempt_success_probability, this replaces the single-parameter 'escalation fraction' with the actual two-step branching structure Yi et al.'s own decision tree describes -- fail, then EITHER move directly to D&C OR attempt a second Pipelle (which itself either succeeds or, per Yi's tree, 'the physician will then move to the D&C route' -- i.e. no unresolved/no-further-action branch exists in the source model). Wired into compute_office_emb_strategy_cost() and compute_strategy_clinical_outcomes() 2026-09-02.",NA,NA,C
office_repeat_attempt_success_probability,probability,office_emb,Probability that a repeat endometrial sampling procedure succeeds in obtaining an adequate sample after an initial insufficient sample,0.75,probability,0.7073,0.7915,beta,NA,"Kandil D, Yang X, Stockl T, Liu Y. Clinical outcomes of patients with insufficient sample from endometrial biopsy or curettage. Int J Gynecol Pathol 2014;33(5):500-506 (PMID 25083966)",FALSE,"REPLACED 2026-09-02 (was Adambekov et al. 2017's n=8 subgroup, 25%; see docs/methods_notes.md for the full replacement rationale). Kandil et al. 2014 studied 1,120 endometrial samples designated insufficient for diagnosis at a single U.S. academic center; by 12-month follow-up, 38% had a second sampling procedure, and the second sample was adequate in 75% of those patients. Base value (0.75) is the abstract's own reported percentage, verified directly (PubMed abstract, cross-checked against the Ovid publisher listing -- both show identical text). Low/high (0.7073-0.7915) are a RECONSTRUCTED exact binomial 95% CI, not primary-reported: the abstract gives only rounded percentages, not raw counts, so n=426 (round(1120x0.38)) and x=320 (round(426x0.75)) were back-calculated from those percentages and used as inputs to R stats::binom.test() -- full text (Wolters Kluwer, paywalled, no institutional access available this session) was not obtained, so this CI should be treated as an approximation and re-verified against the primary counts if full-text access becomes available. Caveats: (1) 'second sampling procedure' in this study is not necessarily a repeat OFFICE Pipelle specifically -- it may include D&C for some patients, so this parameter now measures a slightly broader construct than the office-only repeat attempt it represents in this model; (2) general (non-Lynch, mixed indication) population, much larger and more contemporary-methodology than the prior Adambekov-based estimate but still not a direct measurement in Lynch surveillance patients or in office-only repeat attempts specifically.",NA,NA,C
