hospital,state,coverage,lat,lon,coordinate_source
AdventHealth Orlando,FL,partial,28.40865,-81.254805,Census place (exact name match)
Allegheny General Hospital,PA,full,40.439936,-79.975676000000007,Census place (exact name match)
Atrium Health Carolinas Medical Center,NC,partial,35.209045,-80.83099,Census place (exact name match)
Barnes-Jewish Hospital,MO,partial,38.635699,-90.244582,Census place (consolidated city-county gov)
Beth Israel Deaconess Medical Center,MA,full,42.338551,-71.018253,Census place (exact name match)
Brigham and Women's Hospital,MA,full,42.338551,-71.018253,Census place (exact name match)
Cedars-Sinai Medical Center,CA,partial,34.019394,-118.410825,Census place (exact name match)
City of Hope National Medical Center,CA,partial,34.160967,-117.950447,Census place (exact name match)
Cleveland Clinic Foundation (Main Campus),OH,full,41.478462,-81.679435,Census place (exact name match)
Cooper University Hospital,NJ,full,39.936787,-75.106644,Census place (exact name match)
Corewell Health William Beaumont University Hospital,MI,full,42.507816,-83.15389,Census place (exact name match)
Detroit Medical Center - Harper University Hospital,MI,full,42.383037,-83.102237,Census place (exact name match)
Duke University Hospital,NC,partial,35.977928,-78.898109,Census place (exact name match)
Emory University Hospital,GA,partial,33.762909,-84.422675,Census place (exact name match)
Erie County Medical Center (University at Buffalo),NY,full,42.892492,-78.859686,Census place (exact name match)
Froedtert Hospital (Medical College of Wisconsin),WI,full,43.063348,-87.966695,Census place (exact name match)
H. Lee Moffitt Cancer Center,FL,full,27.970086,-82.479673,Census place (exact name match)
Hospital of the University of Pennsylvania,PA,full,40.009376,-75.133346,Census place (exact name match)
Jackson Memorial Hospital,FL,partial,25.775163,-80.208615,Census place (exact name match)
Loma Linda University Medical Center,CA,full,34.043287,-117.246647,Census place (exact name match)
Los Angeles General Medical Center (formerly LAC+USC),CA,full,34.019394,-118.410825,Census place (exact name match)
M Health Fairview University of Minnesota Medical Center,MN,full,44.963324,-93.26832,Census place (exact name match)
MUSC Health Main Campus,SC,full,32.828017,-79.972896,Census place (exact name match)
Maimonides Medical Center,NY,full,40.635045,-73.95064,"Census COUNTY centroid (Kings County) -- Brooklyn is a NYC borough, not a separate Census place"
Massachusetts General Hospital,MA,full,42.338551,-71.018253,Census place (exact name match)
Memorial Hospital for Cancer and Allied Diseases (Memorial Sloan Kettering),NY,full,40.662712,-73.938677,Census place (exact name match)
Montefiore Medical Center,NY,full,40.848711,-73.852939,"Census COUNTY centroid (Bronx County) -- Bronx is a NYC borough, not a separate Census place"
NYU Langone Hospitals (Tisch),NY,full,40.662712,-73.938677,Census place (exact name match)
NewYork-Presbyterian/Columbia University Irving Medical Center,NY,full,40.662712,-73.938677,Census place (exact name match)
North Shore University Hospital (Northwell Health),NY,partial,40.784977,-73.694879,Census place (exact name match)
Northwestern Memorial Hospital,IL,partial,41.837045,-87.684939,Census place (exact name match)
OU Health University of Oklahoma Medical Center,OK,full,35.467079,-97.513657,Census place (exact name match)
Regional One Health (UT Tennessee HSC gyn onc surgical site),TN,partial,35.109164,-89.968511,Census place (exact name match)
Robert Wood Johnson University Hospital,NJ,full,40.486677,-74.444414,Census place (exact name match)
Ronald Reagan UCLA Medical Center,CA,partial,34.019394,-118.410825,Census place (exact name match)
St. Luke's University Hospital,PA,full,40.626424,-75.367898,Census place (exact name match)
Stanford Health Care (Stanford Hospital),CA,full,37.426933,-122.167741,Census place (exact name match)
Strong Memorial Hospital (University of Rochester Medical Center),NY,full,43.169927,-77.616891,Census place (exact name match)
Tampa General Hospital,FL,partial,27.970086,-82.479673,Census place (exact name match)
Temple University Hospital (Main Campus),PA,full,40.009376,-75.133346,Census place (exact name match)
The Ohio State University Wexner Medical Center,OH,full,39.983938,-82.984882,Census place (exact name match)
The University of Kansas Hospital,KS,partial,39.122539,-94.741781,Census place (exact name match)
UC Davis Medical Center,CA,full,38.567694,-121.468161,Census place (exact name match)
UC San Diego Health (Jacobs Medical Center),CA,partial,32.814977,-117.135562,Census place for San Diego (nearest incorporated place -- La Jolla is unincorporated)
UCHealth University of Colorado Hospital,CO,partial,39.709537,-104.720509,Census place (exact name match)
UCI Medical Center (UC Irvine Health),CA,partial,33.786971,-117.861265,Census place (exact name match)
UCSF Medical Center,CA,partial,37.727239,-123.032229,Census place (exact name match)
UNC Medical Center,NC,partial,35.928328,-79.041375,Census place (exact name match)
UPMC Presbyterian (shared with Montefiore/Shadyside campuses),PA,partial,40.439936,-79.975676000000007,Census place (exact name match)
USA Health University Hospital,AL,full,30.668246,-88.107853,Census place (exact name match)
UT MD Anderson Cancer Center,TX,full,29.785743,-95.388806,Census place (exact name match)
University Health System (San Antonio),TX,full,29.462809,-98.524635,Census place (exact name match)
University Hospitals Cleveland Medical Center,OH,full,41.478462,-81.679435,Census place (exact name match)
University of Alabama Hospital (UAB),AL,partial,33.527174,-86.797036,Census place (exact name match)
University of Chicago Medical Center,IL,full,41.837045,-87.684939,Census place (exact name match)
University of Iowa Health Care Medical Center,IA,partial,41.655661,-91.530859,Census place (exact name match)
University of Kentucky Albert B. Chandler Hospital,KY,partial,38.040678,-84.458272,Census place (consolidated city-county gov)
University of Michigan Health (University Hospital),MI,full,42.276147,-83.73086,Census place (exact name match)
University of New Mexico Hospital,NM,full,35.10478,-106.646809,Census place (exact name match)
University of Virginia Medical Center,VA,full,38.037658,-78.485381,Census place (exact name match)
University of Wisconsin Hospital (UW Health),WI,full,43.087815,-89.429856,Census place (exact name match)
Vanderbilt University Medical Center,TN,full,36.1718,-86.785002,Census place (consolidated city-county gov)
Wake Forest Baptist Medical Center (North Carolina Baptist Hospital),NC,partial,36.102863,-80.260829,Census place (exact name match)
Wellstar MCG Health (Augusta University Medical Center),GA,partial,33.365531,-82.073422,Census place (consolidated city-county gov)
William P. Clements Jr. University Hospital (UT Southwestern),TX,partial,32.793333,-96.766513,Census place (exact name match)
Women and Infants Hospital of Rhode Island,RI,full,41.823056,-71.418784,Census place (exact name match)
Yale New Haven Hospital,CT,full,41.310809,-72.924953,Census place (exact name match)
Denver Health Medical Center,CO,full,39.76185,-104.881105,Census place (exact name match)
University of Mississippi Medical Center,MS,full,32.315834,-90.21285,Census place (exact name match)
University of Arkansas for Medical Sciences,AR,full,34.725393,-92.358556,Census place (exact name match)
