hospital,city,state,lat,lon,coordinate_source
AdventHealth Orlando,Orlando,FL,28.40865,-81.254805,Census place (exact name match)
Allegheny General Hospital,Pittsburgh,PA,40.439936,-79.975676,Census place (exact name match)
Atrium Health Carolinas Medical Center,Charlotte,NC,35.209045,-80.83099,Census place (exact name match)
Barnes-Jewish Hospital,St Louis,MO,38.635699,-90.244582,Census place (consolidated city-county gov)
Beth Israel Deaconess Medical Center,Boston,MA,42.338551,-71.018253,Census place (exact name match)
Brigham and Women's Hospital,Boston,MA,42.338551,-71.018253,Census place (exact name match)
Cedars-Sinai Medical Center,Los Angeles,CA,34.019394,-118.410825,Census place (exact name match)
City of Hope National Medical Center,Duarte,CA,34.160967,-117.950447,Census place (exact name match)
Cleveland Clinic Foundation (Main Campus),Cleveland,OH,41.478462,-81.679435,Census place (exact name match)
Cooper University Hospital,Camden,NJ,39.936787,-75.106644,Census place (exact name match)
Corewell Health William Beaumont University Hospital,Royal Oak,MI,42.507816,-83.15389,Census place (exact name match)
Detroit Medical Center - Harper University Hospital,Detroit,MI,42.383037,-83.102237,Census place (exact name match)
Duke University Hospital,Durham,NC,35.977928,-78.898109,Census place (exact name match)
Emory University Hospital,Atlanta,GA,33.762909,-84.422675,Census place (exact name match)
Erie County Medical Center (University at Buffalo),Buffalo,NY,42.892492,-78.859686,Census place (exact name match)
Froedtert Hospital (Medical College of Wisconsin),Milwaukee,WI,43.063348,-87.966695,Census place (exact name match)
H. Lee Moffitt Cancer Center,Tampa,FL,27.970086,-82.479673,Census place (exact name match)
Hospital of the University of Pennsylvania,Philadelphia,PA,40.009376,-75.133346,Census place (exact name match)
IU Health University Hospital,Indianapolis,IN,39.776664,-86.145935,Census place (Indianapolis city (balance))
Jackson Memorial Hospital,Miami,FL,25.775163,-80.208615,Census place (exact name match)
Johns Hopkins Hospital,Baltimore,MD,39.300032,-76.610476,Census place (exact name match)
Loma Linda University Medical Center,Loma Linda,CA,34.043287,-117.246647,Census place (exact name match)
Los Angeles General Medical Center (formerly LAC+USC),Los Angeles,CA,34.019394,-118.410825,Census place (exact name match)
M Health Fairview University of Minnesota Medical Center,Minneapolis,MN,44.963324,-93.26832,Census place (exact name match)
MUSC Health Main Campus,Charleston,SC,32.828017,-79.972896,Census place (exact name match)
Maimonides Medical Center,Brooklyn,NY,40.635045,-73.95064,"Census COUNTY centroid (Kings County) -- Brooklyn is a NYC borough, not a separate Census place"
Massachusetts General Hospital,Boston,MA,42.338551,-71.018253,Census place (exact name match)
Mayo Clinic Hospital Rochester,Rochester,MN,44.014299,-92.478592,Census place (exact name match)
Memorial Hospital for Cancer and Allied Diseases (Memorial Sloan Kettering),New York,NY,40.662712,-73.938677,Census place (exact name match)
Montefiore Medical Center,Bronx,NY,40.848711,-73.852939,"Census COUNTY centroid (Bronx County) -- Bronx is a NYC borough, not a separate Census place"
Mount Sinai Hospital,New York,NY,40.662712,-73.938677,Census place (exact name match)
NYU Langone Hospitals (Tisch),New York,NY,40.662712,-73.938677,Census place (exact name match)
NewYork-Presbyterian/Columbia University Irving Medical Center,New York,NY,40.662712,-73.938677,Census place (exact name match)
North Shore University Hospital (Northwell Health),Manhasset,NY,40.784977,-73.694879,Census place (exact name match)
Northwestern Memorial Hospital,Chicago,IL,41.837045,-87.684939,Census place (exact name match)
OU Health University of Oklahoma Medical Center,Oklahoma City,OK,35.467079,-97.513657,Census place (exact name match)
Regional One Health (UT Tennessee HSC gyn onc surgical site),Memphis,TN,35.109164,-89.968511,Census place (exact name match)
Robert Wood Johnson University Hospital,New Brunswick,NJ,40.486677,-74.444414,Census place (exact name match)
Ronald Reagan UCLA Medical Center,Los Angeles,CA,34.019394,-118.410825,Census place (exact name match)
St. Luke's University Hospital,Bethlehem,PA,40.626424,-75.367898,Census place (exact name match)
Stanford Health Care (Stanford Hospital),Stanford,CA,37.426933,-122.167741,Census place (exact name match)
Strong Memorial Hospital (University of Rochester Medical Center),Rochester,NY,43.169927,-77.616891,Census place (exact name match)
Tampa General Hospital,Tampa,FL,27.970086,-82.479673,Census place (exact name match)
Temple University Hospital (Main Campus),Philadelphia,PA,40.009376,-75.133346,Census place (exact name match)
The Ohio State University Wexner Medical Center,Columbus,OH,39.983938,-82.984882,Census place (exact name match)
The University of Kansas Hospital,Kansas City,KS,39.122539,-94.741781,Census place (exact name match)
Tufts Medical Center,Boston,MA,42.338551,-71.018253,Census place (exact name match)
UC Davis Medical Center,Sacramento,CA,38.567694,-121.468161,Census place (exact name match)
UC San Diego Health (Jacobs Medical Center),La Jolla,CA,32.814977,-117.135562,Census place for San Diego (nearest incorporated place -- La Jolla is unincorporated)
UCHealth University of Colorado Hospital,Aurora,CO,39.709537,-104.720509,Census place (exact name match)
UCI Medical Center (UC Irvine Health),Orange,CA,33.786971,-117.861265,Census place (exact name match)
UCSF Medical Center,San Francisco,CA,37.727239,-123.032229,Census place (exact name match)
UNC Medical Center,Chapel Hill,NC,35.928328,-79.041375,Census place (exact name match)
UPMC Presbyterian (shared with Montefiore/Shadyside campuses),Pittsburgh,PA,40.439936,-79.975676,Census place (exact name match)
USA Health University Hospital,Mobile,AL,30.668246,-88.107853,Census place (exact name match)
UT MD Anderson Cancer Center,Houston,TX,29.785743,-95.388806,Census place (exact name match)
University Health System (San Antonio),San Antonio,TX,29.462809,-98.524635,Census place (exact name match)
University Hospitals Cleveland Medical Center,Cleveland,OH,41.478462,-81.679435,Census place (exact name match)
University of Alabama Hospital (UAB),Birmingham,AL,33.527174,-86.797036,Census place (exact name match)
University of Chicago Medical Center,Chicago,IL,41.837045,-87.684939,Census place (exact name match)
University of Iowa Health Care Medical Center,Iowa City,IA,41.655661,-91.530859,Census place (exact name match)
University of Kentucky Albert B. Chandler Hospital,Lexington,KY,38.040678,-84.458272,Census place (consolidated city-county gov)
University of Michigan Health (University Hospital),Ann Arbor,MI,42.276147,-83.73086,Census place (exact name match)
University of New Mexico Hospital,Albuquerque,NM,35.10478,-106.646809,Census place (exact name match)
University of Virginia Medical Center,Charlottesville,VA,38.037658,-78.485381,Census place (exact name match)
University of Washington Medical Center,Seattle,WA,47.619335,-122.351538,Census place (exact name match)
University of Wisconsin Hospital (UW Health),Madison,WI,43.087815,-89.429856,Census place (exact name match)
Vanderbilt University Medical Center,Nashville,TN,36.1718,-86.785002,Census place (consolidated city-county gov)
Wake Forest Baptist Medical Center (North Carolina Baptist Hospital),Winston-Salem,NC,36.102863,-80.260829,Census place (exact name match)
Walter Reed National Military Medical Center,Bethesda,MD,38.987292,-77.118612,Census place (exact name match)
Wellstar MCG Health (Augusta University Medical Center),Augusta,GA,33.365531,-82.073422,Census place (consolidated city-county gov)
William P. Clements Jr. University Hospital (UT Southwestern),Dallas,TX,32.793333,-96.766513,Census place (exact name match)
Women and Infants Hospital of Rhode Island,Providence,RI,41.823056,-71.418784,Census place (exact name match)
Yale New Haven Hospital,New Haven,CT,41.310809,-72.924953,Census place (exact name match)
Denver Health Medical Center,Denver,CO,39.76185,-104.881105,Census place (exact name match)
University of Mississippi Medical Center,Jackson,MS,32.315834,-90.21285,Census place (exact name match)
University of Arkansas for Medical Sciences,Little Rock,AR,34.725393,-92.358556,Census place (exact name match)
