program_name,city,state,source,accessed_date
Memorial Sloan Kettering Cancer Center Program,New York,NY,FREIDA AMA (freida.ama-assn.org/search/list?spec=42941),2026-09-28
University of Pennsylvania Health System Program,Philadelphia,PA,FREIDA AMA,2026-09-28
University of Texas M D Anderson Cancer Center Program,Houston,TX,FREIDA AMA,2026-09-28
University of Alabama Hospital (Birmingham) Program,Birmingham,AL,FREIDA AMA,2026-09-28
University of California (Irvine) Program,Orange,CA,FREIDA AMA,2026-09-28
University of Colorado Program,Aurora,CO,FREIDA AMA,2026-09-28
AdventHealth Florida Program,Orlando,FL,FREIDA AMA,2026-09-28
University of Kentucky College of Medicine Program,Lexington,KY,FREIDA AMA,2026-09-28
National Capital Consortium Program,Bethesda,MD,FREIDA AMA,2026-09-28
Johns Hopkins University Program,Baltimore,MD,FREIDA AMA,2026-09-28
Mayo Clinic College of Medicine and Science (Rochester) Program,Rochester,MN,FREIDA AMA,2026-09-28
Washington University/B-JH/SLCH Consortium Program,St Louis,MO,FREIDA AMA,2026-09-28
Montefiore Medical Center/Albert Einstein College of Medicine Program,Bronx,NY,FREIDA AMA,2026-09-28
Icahn School of Medicine at Mount Sinai Program,New York,NY,FREIDA AMA,2026-09-28
University of North Carolina Hospitals Program,Chapel Hill,NC,FREIDA AMA,2026-09-28
Cleveland Clinic Foundation Program,Cleveland,OH,FREIDA AMA,2026-09-28
Ohio State University/Mount Carmel Hospital Program,Columbus,OH,FREIDA AMA,2026-09-28
University of Oklahoma Health Sciences Center Program,Oklahoma City,OK,FREIDA AMA,2026-09-28
UPMC Medical Education Program,Pittsburgh,PA,FREIDA AMA,2026-09-28
University of South Florida Morsani College of Medicine/Moffitt Cancer Center Program,Tampa,FL,FREIDA AMA,2026-09-28
University of South Florida Morsani College of Medicine/Tampa General Hospital Program,Tampa,FL,FREIDA AMA,2026-09-28
Tufts Medical Center Program,Boston,MA,FREIDA AMA,2026-09-28
Corewell Health William Beaumont University Hospital Program,Royal Oak,MI,FREIDA AMA,2026-09-28
University of Southern California/Los Angeles General Medical Center (USC/LA General) Program,Los Angeles,CA,FREIDA AMA,2026-09-28
University of California Davis Health Program,Sacramento,CA,FREIDA AMA,2026-09-28
Cedars-Sinai Medical Center Program,Los Angeles,CA,FREIDA AMA,2026-09-28
University of California (San Francisco) Program,San Francisco,CA,FREIDA AMA,2026-09-28
Stanford Health Care-Sponsored Stanford University Program,Stanford,CA,FREIDA AMA,2026-09-28
UCLA David Geffen School of Medicine/UCLA Medical Center Program,Los Angeles,CA,FREIDA AMA,2026-09-28
University of California (San Diego) Medical Center Program,La Jolla,CA,FREIDA AMA,2026-09-28
Yale-New Haven Medical Center Program,New Haven,CT,FREIDA AMA,2026-09-28
University of Miami/Jackson Health System Program,Miami,FL,FREIDA AMA,2026-09-28
Medical College of Georgia Program,Augusta,GA,FREIDA AMA,2026-09-28
McGaw Medical Center of Northwestern University Program,Chicago,IL,FREIDA AMA,2026-09-28
University of Chicago Program,Chicago,IL,FREIDA AMA,2026-09-28
University of Iowa Health Care Medical Center Program,Iowa City,IA,FREIDA AMA,2026-09-28
University of Kansas School of Medicine Program,Kansas City,KS,FREIDA AMA,2026-09-28
Mass General Brigham/Brigham and Women's Hospital Program,Boston,MA,FREIDA AMA,2026-09-28
Mass General Brigham/Massachusetts General Hospital Program,Boston,MA,FREIDA AMA,2026-09-28
University of Michigan Program,Ann Arbor,MI,FREIDA AMA,2026-09-28
Detroit Medical Center/Wayne State University Program,Detroit,MI,FREIDA AMA,2026-09-28
University of Minnesota Program,Minneapolis,MN,FREIDA AMA,2026-09-28
Cooper Medical School of Rowan University/Cooper University Hospital Program,Camden,NJ,FREIDA AMA,2026-09-28
University of New Mexico School of Medicine Program,Albuquerque,NM,FREIDA AMA,2026-09-28
New York Presbyterian Hospital (Columbia Campus) Program,New York,NY,FREIDA AMA,2026-09-28
Maimonides Medical Center/SUNY Downstate HSU Program,Brooklyn,NY,FREIDA AMA,2026-09-28
University at Buffalo Program,Buffalo,NY,FREIDA AMA,2026-09-28
NYU Grossman School of Medicine Program,New York,NY,FREIDA AMA,2026-09-28
Zucker School of Medicine at Hofstra/Northwell Program,New Hyde Park,NY,FREIDA AMA,2026-09-28
Duke University Hospital Program,Durham,NC,FREIDA AMA,2026-09-28
Wake Forest University Baptist Medical Center Program,Winston-Salem,NC,FREIDA AMA,2026-09-28
Case Western Reserve University/University Hospitals Cleveland Medical Center Program,Cleveland,OH,FREIDA AMA,2026-09-28
Temple University Hospital/Fox Chase Cancer Center Program,Philadelphia,PA,FREIDA AMA,2026-09-28
Women and Infants Hospital of Rhode Island/Brown University Program,Providence,RI,FREIDA AMA,2026-09-28
University of Tennessee Program,Germantown,TN,FREIDA AMA,2026-09-28
University of Texas Southwestern Medical Center Program,Dallas,TX,FREIDA AMA,2026-09-28
University of Texas Health Science Center San Antonio Joe and Teresa Lozano Long School of Medicine Program,San Antonio,TX,FREIDA AMA,2026-09-28
University of Virginia Medical Center Program,Charlottesville,VA,FREIDA AMA,2026-09-28
University of Washington Program,Seattle,WA,FREIDA AMA,2026-09-28
University of Wisconsin Hospitals and Clinics Program,Madison,WI,FREIDA AMA,2026-09-28
Medical College of Wisconsin Affiliated Hospitals Program,Milwaukee,WI,FREIDA AMA,2026-09-28
Indiana University School of Medicine Program,Indianapolis,IN,FREIDA AMA,2026-09-28
Loma Linda University Health Education Consortium Program,Loma Linda,CA,FREIDA AMA,2026-09-28
University of Rochester Medical Center Program,Rochester,NY,FREIDA AMA,2026-09-28
St Luke's University Hospital Program,Bethlehem,PA,FREIDA AMA,2026-09-28
Carolinas Medical Center Program,Charlotte,NC,FREIDA AMA,2026-09-28
Vanderbilt University Medical Center Program,Nashville,TN,FREIDA AMA,2026-09-28
Emory University School of Medicine Program,Atlanta,GA,FREIDA AMA,2026-09-28
Rutgers Health/Robert Wood Johnson Medical School Program,New Brunswick,NJ,FREIDA AMA,2026-09-28
Allegheny Health Network Medical Education Consortium (WPH) Program,Pittsburgh,PA,FREIDA AMA,2026-09-28
USA Health Program,Mobile,AL,FREIDA AMA,2026-09-28
City of Hope National Medical Center Program,Duarte,CA,FREIDA AMA,2026-09-28
Beth Israel Deaconess Medical Center Program,Boston,MA,FREIDA AMA,2026-09-28
Medical University of South Carolina Program,Charleston,SC,FREIDA AMA,2026-09-28
University of South Florida Morsani Program,Birmingham,AL,FREIDA AMA,2026-09-28
